idx,txid,code,ok,submitErr,reveal,latMs,key,credit
0,685c1c093522b0414a7e1f33ee8458647f9849ca2e2c6f55fcd1d15654de285b,MVCC_READ_CONFLICT,false,false,true,36.34,E4-rr100-r01,false
1,20e711b0c7e6ebe7436bbaf59e50f0c0f59ecf027f5649b6c29e2fd84fab3dd2,MVCC_READ_CONFLICT,false,false,true,36.34,E4-rr100-r01,false
2,8826456df3ac70653dc93f94e1ad3cf0d70d0591eb98a955b6193f3ad76b027d,VALID,true,false,true,35.81,E4-rr100-r01,false
3,202194d608bbe7137d7d6fb5592786cd6f60ece7d7725d59155d54f0309504e1,MVCC_READ_CONFLICT,false,false,true,44.77,E4-rr100-r01,false
4,054b180fa3ad4a6c254b967f177c8c98eda306d0078e0415b6b647537b0ee73d,MVCC_READ_CONFLICT,false,false,true,36.32,E4-rr100-r01,false
5,8c37b0469947b524f79b78ac3c6196bd1a347f9819851698bbe2735fcbd1be18,MVCC_READ_CONFLICT,false,false,true,35.81,E4-rr100-r01,false
6,1bcc013a53033c5e802f529a8cd5790d626c54ad1dcdcdc5c71daff29be112f0,MVCC_READ_CONFLICT,false,false,true,44.77,E4-rr100-r01,false
7,798182f68d9eaa1797352b256d0557f1ccb212acd21f2bffcda381949c883952,MVCC_READ_CONFLICT,false,false,true,36.85,E4-rr100-r01,false
8,cc071e0750e089aa564eacb1f9af256aa5c3f7736981794a9abedc9f62a10fea,MVCC_READ_CONFLICT,false,false,true,57.91,E4-rr100-r01,false
9,db927a8137c1a00a429f0e52f8ffb831137ecda26b37c22d10b4ccc7236bee78,MVCC_READ_CONFLICT,false,false,true,57.91,E4-rr100-r01,false
10,b03bfb1822982c0f44e7238e778c00c1bbffbf134e9586fd8dfd85bb2702ed97,MVCC_READ_CONFLICT,false,false,true,78.02,E4-rr100-r01,false
11,51afbfb6a0bfeb52f63cf9cf43bf284a6473f674ed48db8809bfe1a44eaaabf6,MVCC_READ_CONFLICT,false,false,true,67.93,E4-rr100-r01,false
12,1d0938ce40abedb54a490330f4b3e7e57cbb0f4698fcbd09229faa9bfa126358,MVCC_READ_CONFLICT,false,false,true,67.93,E4-rr100-r01,false
13,763d0c4661fed75e405979499728dfd05f8001619ea8dc82b5e8a6d9bb674569,MVCC_READ_CONFLICT,false,false,true,44.23,E4-rr100-r01,false
14,0ef2300024d58053840d824432c18db11aeb36cbac1e2da5951a6c399670c160,MVCC_READ_CONFLICT,false,false,true,78.02,E4-rr100-r01,false
15,203eb10b313532d58a5f2e92b29789e3762818773b8f2dd7c164508e48a5fab8,MVCC_READ_CONFLICT,false,false,true,78.63,E4-rr100-r01,false
16,4e451c5a8c371cc87295996a72956a0f465b67bd797ce04453208c8b3386c045,MVCC_READ_CONFLICT,false,false,true,67.93,E4-rr100-r01,false
17,c0a6ee61bc44a1d0d08a5332d7fd9bf3d1cc51a7d8d3eafa3a6f74cffe56a53b,MVCC_READ_CONFLICT,false,false,true,45.28,E4-rr100-r01,false
18,bb89e0e5d134941f33869ad665306e8690aa157336e22b13a6623e78dec16b84,MVCC_READ_CONFLICT,false,false,true,58.45,E4-rr100-r01,false
19,5f16b43fd32a0be7c1b475d3aab0e7a13bc0faac490e808dec6fdcccabfe1255,MVCC_READ_CONFLICT,false,false,true,68.47,E4-rr100-r01,false
20,6ac5478f06fa4e2cbb28fe02dc7f95c4afc29609d5990eeae9e227df215eb3d1,MVCC_READ_CONFLICT,false,false,true,35.81,E4-rr100-r01,false
21,1916771256b34d8ffdf8ea35fc221950f021a8a99e2ed88ab21e3f9cb66aeaf8,MVCC_READ_CONFLICT,false,false,true,35.81,E4-rr100-r01,false
22,4b99c38b75987a63aa8ad4e2a5df4381383d587b8ee92f670d8c0c3393c607ec,MVCC_READ_CONFLICT,false,false,true,58.97,E4-rr100-r01,false
23,dbbf610502a539bbc93d5652a95569bc5468060a7114d5baba74ed86c61b85fa,MVCC_READ_CONFLICT,false,false,true,67.93,E4-rr100-r01,false
24,4857ebd8ae10905b6baf4e8050e335d2a8273f0af499dcbcaf9fd5738474b9b3,MVCC_READ_CONFLICT,false,false,true,78.63,E4-rr100-r01,false
25,577ae7b729a11b4cd681be15ba8d8dd0fe4e8d6a8c323ed03272e48c32641613,MVCC_READ_CONFLICT,false,false,true,57.91,E4-rr100-r01,false
26,1b2be71b5ae780131f86c02e3cca86eb7b8d24b1006047ba664a37ee314a6506,MVCC_READ_CONFLICT,false,false,true,67.93,E4-rr100-r01,false
27,cd28ce4c87256cd65b60251948a27e4813bfedde9dcacd7995f90fd26282b222,MVCC_READ_CONFLICT,false,false,true,78.63,E4-rr100-r01,false
28,0e6bb70635b7597bd824b8eb0a4937e20c2e3bc69e036b12e42e2a7a7a63a6ce,MVCC_READ_CONFLICT,false,false,true,44.77,E4-rr100-r01,false
29,0ee0f16962e87d59f0546416ade037fca68114a8c46762be8dfd550b19552287,MVCC_READ_CONFLICT,false,false,true,58.45,E4-rr100-r01,false
30,5230b7de391f443793dd3586e93ca4dadff5f7d731592c2ab79c095722bb8eba,MVCC_READ_CONFLICT,false,false,true,45.28,E4-rr100-r01,false
31,2380ec03a8c5dc3bb5c070797a3d14e91dfc91ef904046bfc86331c1699ef906,MVCC_READ_CONFLICT,false,false,true,35.27,E4-rr100-r01,false
32,32b641a18ffe6453a0c93ef9150e82cbfbee89a9dd8fe5dd4c63cf89fff8580b,MVCC_READ_CONFLICT,false,false,true,57.91,E4-rr100-r01,false
33,ceabdd3b190912d95425f47e5ec50bfc8130a0f064ec7c83ddda8cb26f87fee6,MVCC_READ_CONFLICT,false,false,true,79.19,E4-rr100-r01,false
34,9c176190dcda1aada66f801bce80745bea5e75df028d03d60087df848b209ad2,MVCC_READ_CONFLICT,false,false,true,44.23,E4-rr100-r01,false
35,f750561e77d218c1452e51e5046af016694a7167c0bf43978bbb6df2826fe067,MVCC_READ_CONFLICT,false,false,true,44.23,E4-rr100-r01,false
36,513d09740270f185a819f2e1bdda09c47cbb946e56b77c5131bdc8306b5eadf6,MVCC_READ_CONFLICT,false,false,true,78.02,E4-rr100-r01,false
37,68bf4fc8aa4b61e3bef8c4a5b88c50f0c5f3032023e40bd75681fc67820cf436,MVCC_READ_CONFLICT,false,false,true,67.93,E4-rr100-r01,false
38,abc9be1601232ab491c54e2e853d80ca6d234583b50c5edefd5c0452dc3f49c3,MVCC_READ_CONFLICT,false,false,true,58.45,E4-rr100-r01,false
39,103b5bd85934d1b2a1513b33151dc446688dc0d7f716e750d2e451f055dc2302,MVCC_READ_CONFLICT,false,false,true,67.93,E4-rr100-r01,false
40,b6aebca3b7974f51177f4028861f1e4fc645581f52fcdc06d783d4da70b5efcc,MVCC_READ_CONFLICT,false,false,true,58.45,E4-rr100-r01,false
41,3ffccb45359d77e79c90823a8c5605d9a6126bc019cb4860033cf666e16254db,MVCC_READ_CONFLICT,false,false,true,44.23,E4-rr100-r01,false
42,26a8011677fc02055b718b716eeb8e17542e8868c60fc3deee25d9fd8cd710da,MVCC_READ_CONFLICT,false,false,true,67.93,E4-rr100-r01,false
43,6c6f13eb5b5dfe295c82f463476df61af62c365de925afc4034d06bc9d33a90f,MVCC_READ_CONFLICT,false,false,true,44.23,E4-rr100-r01,false
44,3e59bac3ba21eda8018dff3c5529ec5f43a6459114fa4c48f1dea7a17ffbbff9,MVCC_READ_CONFLICT,false,false,true,68.43,E4-rr100-r01,false
45,c72852da855b67f3112c4e55e23b097dca5a752bc5d7e126564308263087469a,MVCC_READ_CONFLICT,false,false,true,57.91,E4-rr100-r01,false
46,a12b3574d9aa913cfa5446eeac5e295eff2b49bc2d03775dbeaff4f1183f07d8,MVCC_READ_CONFLICT,false,false,true,78.02,E4-rr100-r01,false
47,e2c877a7899a56aba7280f5424d4845f7b8ba7599a0cfb9906106ef010a84170,MVCC_READ_CONFLICT,false,false,true,78.02,E4-rr100-r01,false
48,6133fa1595bfd4ac579130bd68a493521351819d0c60739472a1c411f9334ad4,MVCC_READ_CONFLICT,false,false,true,78.02,E4-rr100-r01,false
49,2f06662108f0ae5eaf388c97f8c0a82f1cb9d0f97de702cc48db758f3222accb,MVCC_READ_CONFLICT,false,false,true,35.81,E4-rr100-r01,false
50,d3131b03cfc03b5b011d4cdfd617d0d9eaebf9fa63f59a4d4aeff30b41be20fc,MVCC_READ_CONFLICT,false,false,true,54.29,E4-rr100-r01,false
51,fb20eca1067256d4a0c539e1caa89409d4cc00b070ee1180a8021f2a108d1619,VALID,true,false,true,54.29,E4-rr100-r01,false
52,d174de4e66604f6230bc3c248d9ed866ca8010a2bb603cdee33ee2417c87b1aa,MVCC_READ_CONFLICT,false,false,true,53.78,E4-rr100-r01,false
53,c9a685a2217e45f1b90249f67d067cef9683881861134390ca497b283f05e4cb,MVCC_READ_CONFLICT,false,false,true,54.29,E4-rr100-r01,false
54,7d0fdaa67dd908a1e3be3bd83630bffc2154eea367b3b1874556e196e67ad8e1,MVCC_READ_CONFLICT,false,false,true,54.29,E4-rr100-r01,false
55,56658834b715cd44ffb65af54de07e7b12d548fae8c9d0e14021bf0e789e5297,MVCC_READ_CONFLICT,false,false,true,54.29,E4-rr100-r01,false
56,e55f3e78904ca7044e55f367c86beca2d559e1a44ab00a78ee40b7bb90c04d5d,MVCC_READ_CONFLICT,false,false,true,54.29,E4-rr100-r01,false
57,89977d2e3010c09aff6856d901853192c43779baa06b512e3b2d270a807c5f5c,MVCC_READ_CONFLICT,false,false,true,54.29,E4-rr100-r01,false
58,b94d4808b47a3f28665397a182719093f005766f112357f406ebc14c801f3a5f,MVCC_READ_CONFLICT,false,false,true,53.78,E4-rr100-r01,false
59,83308a8643ec085944706e94bdc16619862c24fd943dfa6a6f5e0d0d10e48268,MVCC_READ_CONFLICT,false,false,true,54.46,E4-rr100-r01,false
60,e3d8857763fbb71442fc9273b990b0f7d638185f797155cf605f9b27169cebdf,MVCC_READ_CONFLICT,false,false,true,56.83,E4-rr100-r01,false
61,af763f9c7c09b0a3fb2c3e32bfcd2747b39bd3de871fb97468312874262a549a,MVCC_READ_CONFLICT,false,false,true,56.33,E4-rr100-r01,false
62,19a828268678231851560cce85076521f9cb70c58565159bce3068955ab7c538,MVCC_READ_CONFLICT,false,false,true,56.83,E4-rr100-r01,false
63,baad216d3ab18c3f8c63cd87d5f1232aa6af89083e7d4ede74114a1284181b1a,MVCC_READ_CONFLICT,false,false,true,56.83,E4-rr100-r01,false
64,61a0733c8345b7dc2458e90457b8cbebb98688ef43e25725d007bbf0cc6e2c35,MVCC_READ_CONFLICT,false,false,true,56.83,E4-rr100-r01,false
65,2b100cecd6ae2a39402bce58cd32fd65e2854169678a4130dc41c2b8accf0d7d,MVCC_READ_CONFLICT,false,false,true,56.83,E4-rr100-r01,false
66,d947821fd6792c1b8320dbf36372ca2b2286a5a4fa0c6c5bf6aaf72648caf4ad,MVCC_READ_CONFLICT,false,false,true,56.83,E4-rr100-r01,false
67,f60b01cd434185b16e30f29be8fa1d184a21945102386e9ab58a26a3c2981738,MVCC_READ_CONFLICT,false,false,true,56.83,E4-rr100-r01,false
68,a5227cfa5a38a03652eee6b5074335a49d3c69e5e756771fbdeed2b1a9d43cd7,MVCC_READ_CONFLICT,false,false,true,56.83,E4-rr100-r01,false
69,535ad97ce02e543e42558440d0324e27882949b0bf864254d58cdb783304c87b,MVCC_READ_CONFLICT,false,false,true,56.33,E4-rr100-r01,false
70,ad95cc0491d873283fb070b381c44e48a482648dfb0ae3e74477bfec900d81aa,MVCC_READ_CONFLICT,false,false,true,50.75,E4-rr100-r01,false
71,8dcec6fe61d5c04cbed4b87cdaf830460aecc386c5506e023889780c281e36e7,MVCC_READ_CONFLICT,false,false,true,50.75,E4-rr100-r01,false
72,8ae476fae3e4309fcf86565fb97377793332fa7e1064690b36482b6a6cf3b3c2,MVCC_READ_CONFLICT,false,false,true,50.75,E4-rr100-r01,false
73,429caaf46ecde268ea6c6a55bb275776e27155a1eb35af04b30efb2fe6d6e2d1,MVCC_READ_CONFLICT,false,false,true,50.75,E4-rr100-r01,false
74,32ffd25b0c37d780ecf161cb5d29b5666bff5c40f722f42d7f6dac9fa638cbdc,MVCC_READ_CONFLICT,false,false,true,50.21,E4-rr100-r01,false
75,8db8ca145a94f5c6a076138eac0618e97f1ab38892161e7ad39a4ddfdabc80b0,MVCC_READ_CONFLICT,false,false,true,50.75,E4-rr100-r01,false
76,1401062ec25fc6f6f8547094378446ae2d0ab2bbefdd9747ec73f7dd0c0d7618,MVCC_READ_CONFLICT,false,false,true,50.21,E4-rr100-r01,false
77,6197d3923175cdcf4a12f16325fe4a4cd016dcf5bb2b5a7f5edfa41ac3b97569,MVCC_READ_CONFLICT,false,false,true,50.21,E4-rr100-r01,false
78,f9a0308f238776c285616383b8a386878722455a63ed763a877b67c88529b10a,MVCC_READ_CONFLICT,false,false,true,79.90,E4-rr100-r01,false
79,e142837fdb3c3661cf19d90937be4b93d09f2c2ef576288ddbe26cb2079b4dcf,MVCC_READ_CONFLICT,false,false,true,49.69,E4-rr100-r01,false
80,cffac28e27cb85dd06dc801eba1492938f30d2f0466cfd1174e8499bc8bc35a9,MVCC_READ_CONFLICT,false,false,true,40.73,E4-rr100-r01,false
81,,,false,true,true,22.31,E4-rr100-r01,false
82,,,false,true,true,22.31,E4-rr100-r01,false
83,,,false,true,true,22.31,E4-rr100-r01,false
84,,,false,true,true,22.31,E4-rr100-r01,false
85,,,false,true,true,22.83,E4-rr100-r01,false
86,,,false,true,true,22.31,E4-rr100-r01,false
87,,,false,true,true,22.33,E4-rr100-r01,false
88,,,false,true,true,21.13,E4-rr100-r01,false
89,,,false,true,true,21.80,E4-rr100-r01,false
90,,,false,true,true,12.22,E4-rr100-r01,false
91,,,false,true,true,12.22,E4-rr100-r01,false
92,,,false,true,true,12.22,E4-rr100-r01,false
93,,,false,true,true,12.22,E4-rr100-r01,false
94,,,false,true,true,12.22,E4-rr100-r01,false
95,,,false,true,true,12.22,E4-rr100-r01,false
96,,,false,true,true,11.61,E4-rr100-r01,false
97,,,false,true,true,12.13,E4-rr100-r01,false
98,,,false,true,true,11.61,E4-rr100-r01,false
99,,,false,true,true,11.05,E4-rr100-r01,false
100,b21ab01159e7908fe663aa83974272f4110330ec1b514ad8194ccb85613e4de8,MVCC_READ_CONFLICT,false,false,true,49.31,E4-rr100-r01,false
101,d9bd235754650b4def489ab9d480c5a07567cf230e38043c60e05d7fd5168cf2,MVCC_READ_CONFLICT,false,false,true,49.31,E4-rr100-r01,false
102,cf3cb3b4e1b799e4c9280d09537b06f869997abe28bef8f2862ac3daa42e997f,VALID,true,false,true,49.31,E4-rr100-r01,false
103,1dd612cbecc65545e051a7e2606e618a17659dfa9143c93ac2a52b3d495b8487,MVCC_READ_CONFLICT,false,false,true,49.96,E4-rr100-r01,false
104,807ce323c246f2e52019b4b5c37e7f06cf4895ce3e0dfca1414a14fbe3d0f0c3,MVCC_READ_CONFLICT,false,false,true,49.96,E4-rr100-r01,false
105,f34f1308e05eb4bfad8155a078305233d15bfe9ad6db8e3783f3469073f5302f,MVCC_READ_CONFLICT,false,false,true,49.31,E4-rr100-r01,false
106,1836e4719219502ca88c950d3601e171e6b43788b673dcfffd190327a563259d,MVCC_READ_CONFLICT,false,false,true,49.31,E4-rr100-r01,false
107,6141200b8a52a94aa963ae2b5cd0c5bad679ad27923222ba2f9f55e29fb33583,MVCC_READ_CONFLICT,false,false,true,49.31,E4-rr100-r01,false
108,a13f0f8b74fd70f3f8eb5a93402d1964ba8a1359ff4f90ef9b45a30dd59e0739,MVCC_READ_CONFLICT,false,false,true,49.31,E4-rr100-r01,false
109,66bd387fa26435ebf19693779b943468116c1150a4b0f4c2a1177f7978e1a198,MVCC_READ_CONFLICT,false,false,true,49.31,E4-rr100-r01,false
110,f92617a8769983e3b81eacae8afc390b70cb3d39982b1f63f264d4e6eb92565b,MVCC_READ_CONFLICT,false,false,true,48.64,E4-rr100-r01,false
111,3acde379c7e95c82f15a9a2e1f3555603f36aea87da6b0daeefb07e4bfbe9c6a,MVCC_READ_CONFLICT,false,false,true,57.42,E4-rr100-r01,false
112,ba2cd01fab5200bb0c41f2d45c59e6c210e0a828adefb4f5b994aada05484a16,MVCC_READ_CONFLICT,false,false,true,95.92,E4-rr100-r01,false
113,f6952ade0b45910ebac30b8cd57aa02a0f6805674aa467647d1433f8221b1e48,MVCC_READ_CONFLICT,false,false,true,48.11,E4-rr100-r01,false
114,520ce469eca5635c073eeaaa87d21b38ed1833a1cd9c95c7c63f4c18c7a0cfca,MVCC_READ_CONFLICT,false,false,true,48.76,E4-rr100-r01,false
115,c21ac904fc00333aba544f7444faa590303450c82b3d0e5844094d1438b8e35c,MVCC_READ_CONFLICT,false,false,true,48.64,E4-rr100-r01,false
116,6ac20c30f6b39f2be0edddf17d7e32725eecd3ef30013fc067344ff1eabf9db4,MVCC_READ_CONFLICT,false,false,true,57.42,E4-rr100-r01,false
117,e8d2aa6e2627bf0ec4ddfcb206657423d290ebecf7884cb3d5dafc06aa4487ed,MVCC_READ_CONFLICT,false,false,true,48.64,E4-rr100-r01,false
118,6e8aabd173a14ee2d1c32b3a8f2815cbf9ea00338e33095b2da1c4f31f3b351a,MVCC_READ_CONFLICT,false,false,true,57.42,E4-rr100-r01,false
119,a60662012ed3ffd1ea17c200163df20e43330d609076ad608d3dfcbc865e9ff1,MVCC_READ_CONFLICT,false,false,true,57.42,E4-rr100-r01,false
120,b9813664e5aa8621895112614ce0318e440292e1943445a7bb97a759fb80e3dd,MVCC_READ_CONFLICT,false,false,true,57.42,E4-rr100-r01,false
121,d456bbe871ac32a9cf4f41a2500657312571c62c804851673971dc2fc6a8a6a9,MVCC_READ_CONFLICT,false,false,true,48.11,E4-rr100-r01,false
122,eebccdfa5cb45d172fdd4db7dfc95ffc6c4e0e43421db8b5bac41f6837669e75,MVCC_READ_CONFLICT,false,false,true,57.42,E4-rr100-r01,false
123,09f9338a45c15ee1a118c22561bcfa28c75260285a29f692871c1222244082c9,MVCC_READ_CONFLICT,false,false,true,48.64,E4-rr100-r01,false
124,80092ac2753b516ab389ae89b4966867386a53d301da96790fe51c981232038f,MVCC_READ_CONFLICT,false,false,true,57.42,E4-rr100-r01,false
125,8f3ff85eed1f4210f77b4c0f19e4a1cae0def3101fac43c482deb522820b17d4,MVCC_READ_CONFLICT,false,false,true,57.42,E4-rr100-r01,false
126,46e198c2fa085c9700c3a35124b2a03ccd05cfd10b2b53d343d75aad2003272a,MVCC_READ_CONFLICT,false,false,true,48.11,E4-rr100-r01,false
127,eb18b64c24cfd890c2d2eec5f3dd696c4c5460003ccfcacb98b02f0c46dd9f0a,MVCC_READ_CONFLICT,false,false,true,48.11,E4-rr100-r01,false
128,eef2eaaba9763190d6ecd8c117c75addb90fd4cbe759b9203f3b6fc7e0605ce8,MVCC_READ_CONFLICT,false,false,true,56.90,E4-rr100-r01,false
129,0a6c922556485f7038fd8ed832e2bb22418eda9b288608cdde265dc0416208cc,MVCC_READ_CONFLICT,false,false,true,61.92,E4-rr100-r01,false
130,9bf2fbca2a1ca67289ff0d9141f13340bba5e62614796dbbd74decd4a3d481ee,MVCC_READ_CONFLICT,false,false,true,85.61,E4-rr100-r01,false
131,c088cb1cd69181a98fba04e9c3220d45a107300f71ed48d3072ec198f570916c,MVCC_READ_CONFLICT,false,false,true,86.17,E4-rr100-r01,false
132,3280c9b65845c88c338566c72da763631d797e0c3b3908a4c25ed831f2fc4ea6,MVCC_READ_CONFLICT,false,false,true,84.94,E4-rr100-r01,false
133,acb95c6bd32edd9ba5d44a73e093dcded62e3e73e7ecac4be6f98f8a9f82dc9f,MVCC_READ_CONFLICT,false,false,true,85.61,E4-rr100-r01,false
134,f8723c2c56cd730c075b35b0d259b679b6e0d0fc47a1c95460b37c8fb1da1be8,MVCC_READ_CONFLICT,false,false,true,47.10,E4-rr100-r01,false
135,150bbee552076407a293e1d1b58f7c1f56117a35da465c4b859f3f48e9491270,MVCC_READ_CONFLICT,false,false,true,84.94,E4-rr100-r01,false
136,540585343626328fd5936a8e61f8f274379cdd894ce5f89a4b1551dfcdfd21e9,MVCC_READ_CONFLICT,false,false,true,61.92,E4-rr100-r01,false
137,bfb9c8b7d49b2028a7e6ad9228aed55d3775b9d6fb7c2ee7a5540e604a830af4,MVCC_READ_CONFLICT,false,false,true,84.94,E4-rr100-r01,false
138,8cd089dfeaad81c26914f906732cd3f42a5ebcde8f796444668969257cc6d1de,MVCC_READ_CONFLICT,false,false,true,84.43,E4-rr100-r01,false
139,b0900b4314ea5af12f563bb5f5d530436bf7755fe3b5b39d3105a9263afa3745,MVCC_READ_CONFLICT,false,false,true,51.62,E4-rr100-r01,false
140,217a3ed7fc64ca2025c4869fbc89ae4261628e022c12bc96128e9b0322235b73,MVCC_READ_CONFLICT,false,false,true,51.62,E4-rr100-r01,false
141,f407615bb97e538ea1e0d30f0000994b0a8a37a6332ae48d97a151b9bcaac5a4,MVCC_READ_CONFLICT,false,false,true,51.62,E4-rr100-r01,false
142,d2c6d756068905da4165d84ef6240ed937c7a1e42429f1c555b27603382d7245,MVCC_READ_CONFLICT,false,false,true,51.62,E4-rr100-r01,false
143,27e064eac7cc7e04b2783e2930cdad311d24900c7bcbde010f2919efe445b893,MVCC_READ_CONFLICT,false,false,true,51.62,E4-rr100-r01,false
144,588b5a534dfd2aadd2cf28b43339ca71fb34778ccde5fff233fc08fab72d4c91,MVCC_READ_CONFLICT,false,false,true,51.62,E4-rr100-r01,false
145,6669e45aa0466d5e6ce4f034f9d57795b72d6d27cd460a3c2d8c45750188ab94,MVCC_READ_CONFLICT,false,false,true,78.58,E4-rr100-r01,false
146,1c31fb163fcd0618c82751f5d4278319fd62119f9d803c6bde39b018fb4adb6a,MVCC_READ_CONFLICT,false,false,true,53.63,E4-rr100-r01,false
147,08942ac812c65d8841d675acc562fd3386d3ed167b3d076c13e4ed2839a680ad,MVCC_READ_CONFLICT,false,false,true,77.34,E4-rr100-r01,false
148,c3edaa0448d1934612e0b37a0b02687f68171652bcd309f0bcb33ba36138ba9a,MVCC_READ_CONFLICT,false,false,true,51.62,E4-rr100-r01,false
149,a592d8d45cf2171542bd11101c880d895e2d86a294e7d71111559d9452c391ab,MVCC_READ_CONFLICT,false,false,true,70.22,E4-rr100-r01,false
150,48dfe1e50e1e80dfc5018ee406373de6bcc49ed2b48114098bf8ae7c62b07db6,MVCC_READ_CONFLICT,false,false,true,70.22,E4-rr100-r01,false
151,7b8225ea96e420bbfd91f249ee22d72528af568536458264d9a48255872fbbb0,MVCC_READ_CONFLICT,false,false,true,48.37,E4-rr100-r01,false
152,f3ebeb96dd9374e6aeef1f57f9ce6e65a052f5bdc0becee46182e9459819c47a,MVCC_READ_CONFLICT,false,false,true,70.22,E4-rr100-r01,false
153,4b7175379082be4782d6deab911a89743914e3046e57d917330f2b988d5ce214,MVCC_READ_CONFLICT,false,false,true,62.79,E4-rr100-r01,false
154,359a9842e6c89fb8c6ff68794b97e1ed1a24b2a2dcfe6bd62092a63e3a95c460,MVCC_READ_CONFLICT,false,false,true,48.37,E4-rr100-r01,false
155,ae3881fec3d9806a06150984a64507a15a40deed4a2000bdeb2be44ecefea0bb,MVCC_READ_CONFLICT,false,false,true,48.95,E4-rr100-r01,false
156,7be81f53bc4dbfe7ec1f51519ef8c2ea689ade03f40f9bddcd8b9f8354650580,MVCC_READ_CONFLICT,false,false,true,62.29,E4-rr100-r01,false
157,9153abcbe5cc27463cc49355706feb9d5ccb007abdd537f783aa59592f5d2b43,MVCC_READ_CONFLICT,false,false,true,61.64,E4-rr100-r01,false
158,3251b71ef826bfed451ffe490d8b26611f9f1a37fcbe3ac46fd71c080df716e0,MVCC_READ_CONFLICT,false,false,true,61.64,E4-rr100-r01,false
159,1fac7f852073534c45298305e894769609feffffca6af4397a819d7939e4607d,MVCC_READ_CONFLICT,false,false,true,61.64,E4-rr100-r01,false
160,1b93439588127f5a6e92e836a90d800ae94e17b51b4ba23c2f0d619cd6c8acb0,MVCC_READ_CONFLICT,false,false,true,61.64,E4-rr100-r01,false
161,24245dfadee59dfb8dd25e3b64c3d94e6cf8318c52e3af842db576244d1901b7,MVCC_READ_CONFLICT,false,false,true,47.72,E4-rr100-r01,false
162,4dae53f01f59d5a8117881096b6537b716e11d7cce90821dc161aad4cbed7c32,MVCC_READ_CONFLICT,false,false,true,61.64,E4-rr100-r01,false
163,50729df5434fb8d425a831447db03049a91ff2929bc7751dbc7ed8b3b20c17e2,MVCC_READ_CONFLICT,false,false,true,47.16,E4-rr100-r01,false
164,9543ef22f7fd093bfaf301d23659d6d079abefc889c5e456e4c214667385510e,VALID,true,false,true,48.37,E4-rr100-r01,false
165,f6a5d15149d08e9adfd51a12fab5c7e092b840f790a7e1613eed7990b9190e25,MVCC_READ_CONFLICT,false,false,true,62.29,E4-rr100-r01,false
166,717bce4025aebc8d1128c29ec2909f243f6bc26b1e6b2eacf21b2b1b684b877e,MVCC_READ_CONFLICT,false,false,true,47.72,E4-rr100-r01,false
167,3637463761854b1899c823378b6a7a7543dfa5a5951bc34155a9971c4c00ade5,MVCC_READ_CONFLICT,false,false,true,69.57,E4-rr100-r01,false
168,a3e48d35bc271cb9a2df8bde082312aff67338ecbdc013b9537ce1a2034f0f76,MVCC_READ_CONFLICT,false,false,true,69.57,E4-rr100-r01,false
169,773a7b2a1e10983071bbf8bc88f1605f94d0016157529ecd2c1996437d59bd41,MVCC_READ_CONFLICT,false,false,true,54.01,E4-rr100-r01,false
170,387fb4c9e4bd3e946944d2c43ce956f08cb64fbb668107c8990f2cc7945fe275,MVCC_READ_CONFLICT,false,false,true,53.50,E4-rr100-r01,false
171,fa81a5f369bda87917d6c1b7f1c08402136ad74b58c194e1a6ebec9fcf636324,MVCC_READ_CONFLICT,false,false,true,53.50,E4-rr100-r01,false
172,016835685c173a3917546adafdf57ecb1b0d5ebb66cec16ca2c2b58caf7a125a,MVCC_READ_CONFLICT,false,false,true,54.01,E4-rr100-r01,false
173,b3d94100dda08d0df19f369d96e5459200b5c0c04b496be174c0e7af9cfa06c0,MVCC_READ_CONFLICT,false,false,true,61.44,E4-rr100-r01,false
174,977aba6d9f6d4427052698cebd73bc7c3613f562332ecc60b0af069b77a4d6f8,MVCC_READ_CONFLICT,false,false,true,54.01,E4-rr100-r01,false
175,fde1effa4687d2bc18df0c06fa8e00270b56fe40d5a40cc29903bc7fd208805e,MVCC_READ_CONFLICT,false,false,true,61.44,E4-rr100-r01,false
176,bf9bddf5966bacdfd2c914c52c477bfa0d28a5d18d51cd4932a759661bcf592b,MVCC_READ_CONFLICT,false,false,true,61.44,E4-rr100-r01,false
177,1307de3699a11a8fb04ef25cb93fdf3b62901eaa5cbc9c7c394c01e7db0299d7,MVCC_READ_CONFLICT,false,false,true,74.64,E4-rr100-r01,false
178,656741a3f30bd1673b0c1e65fb625f14d367b0a2e0f34706bce587368c91de77,MVCC_READ_CONFLICT,false,false,true,60.93,E4-rr100-r01,false
179,da6691a872a95f48b41828dc4596d8551f302454e52209b552300dd0c92db393,MVCC_READ_CONFLICT,false,false,true,62.02,E4-rr100-r01,false
180,2ff4617a4161593985e107042248f1fa1661ea9f43d0d5a742225843568e255b,MVCC_READ_CONFLICT,false,false,true,62.02,E4-rr100-r01,false
181,631092f57b2153a3a207bd3d333ae6f024a3dfb0505f1f05dbd4929452203e98,MVCC_READ_CONFLICT,false,false,true,62.02,E4-rr100-r01,false
182,cf4c808e70784ec472c8a11162aa289395e890d74b556a2580d13aa0cb4f01ed,MVCC_READ_CONFLICT,false,false,true,62.02,E4-rr100-r01,false
183,3fc36438a0c4bf1926fceeecbca3c7305acb4e264a496c9f3fcbf7befff09ce2,MVCC_READ_CONFLICT,false,false,true,48.81,E4-rr100-r01,false
184,eff7bd83c1e8466d5cc3bb3089c556149dcf22f1af07af58f6f5f9fbe47b2680,MVCC_READ_CONFLICT,false,false,true,62.02,E4-rr100-r01,false
185,5d11089a6502ca73cec49582af931d065db851e0dd5cfb256221e02ca36f63d9,MVCC_READ_CONFLICT,false,false,true,62.02,E4-rr100-r01,false
186,480ee53032adf6455e11eb44a99b7e2958443bcda8428bf61f991d749093e578,MVCC_READ_CONFLICT,false,false,true,60.01,E4-rr100-r01,false
187,2423f1192fa2fa1d6d7217867eafb00ddd82e9520371f52f70d43a9cd852410b,MVCC_READ_CONFLICT,false,false,true,59.31,E4-rr100-r01,false
188,,,false,true,true,23.69,E4-rr100-r01,false
189,d0d0d6e3e229bb6b25da043553ee24f0d5d35ce57115a30e38c7e8dc3984ed90,MVCC_READ_CONFLICT,false,false,true,47.16,E4-rr100-r01,false
190,628ee9949dde59c150d74ad038951be31a848eaacc01eece7be29c263038d7e3,MVCC_READ_CONFLICT,false,false,true,47.72,E4-rr100-r01,false
191,8848b54ebc37b35b47e89fa6d090f4f9633994e9621a8593e190e94795e5b7fa,MVCC_READ_CONFLICT,false,false,true,45.81,E4-rr100-r01,false
192,57efe4e9011d52c86761a5f28ff74ef39b838c173451976e67e3d63993be14d2,MVCC_READ_CONFLICT,false,false,true,46.48,E4-rr100-r01,false
193,80cacec705a7e0abdde5d1960e7cb0146b704b56f567d1a6e742a7efbaad780b,MVCC_READ_CONFLICT,false,false,true,47.16,E4-rr100-r01,false
194,86e6c9b41a2452d991cb09f71f5330a35e399a44f68b2c3cedc8d4e61589c519,MVCC_READ_CONFLICT,false,false,true,45.81,E4-rr100-r01,false
195,c27729471c7c7d15dd6b0ab8a1a6c8ffa32dde77c77ff5dd81b4e19fabda56fa,MVCC_READ_CONFLICT,false,false,true,62.18,E4-rr100-r01,false
196,c667b08c9a3bc9c8eacc5075786d49addc932be0beecc8808e77d367469a363e,MVCC_READ_CONFLICT,false,false,true,62.18,E4-rr100-r01,false
197,0b0a10ad63fdac5654e46f22e1385381c30f2d70c9fd55929da4a3c796280cfc,MVCC_READ_CONFLICT,false,false,true,62.18,E4-rr100-r01,false
198,eb8e4f4b8f7626548c805d9263e886272d3a9878ca29979a1946bece744f8091,MVCC_READ_CONFLICT,false,false,true,62.18,E4-rr100-r01,false
199,b3b9472107629654e66cdbdc364a53b3b6617989b83cbb92c9c7020c9e59cb6d,MVCC_READ_CONFLICT,false,false,true,61.24,E4-rr100-r01,false
200,357e421ca72c660a793072779984d3fddafbbdc5a4a14fe4405e3837cc146017,MVCC_READ_CONFLICT,false,false,true,61.62,E4-rr100-r01,false
201,e9cc2819ad8c800368ee8e791ce27e899bbf3f61cbdd963bd82a32c5b9aef41f,MVCC_READ_CONFLICT,false,false,true,45.92,E4-rr100-r01,false
202,4fb962cb4607dc180d38473937384f770804310e96c2ce6352a1ad6ea2836d87,MVCC_READ_CONFLICT,false,false,true,45.92,E4-rr100-r01,false
203,350905bd6302b1e35db074df50c49900f96dd63dca605464f6e5cc071317360d,VALID,true,false,true,35.06,E4-rr100-r01,false
204,30a5c350adc8fd171553c4c5c1de7975dc3eec2bf24b2d859b88034088922774,MVCC_READ_CONFLICT,false,false,true,45.34,E4-rr100-r01,false
205,f2b23fff43b6ee2616db045471a65d32890cb9c47b1643a860c62a6c5c443998,MVCC_READ_CONFLICT,false,false,true,61.03,E4-rr100-r01,false
206,c2af95f13245b44023eb4444222e3cf9edb8c2f9de7dada68b5f144ba74a1ab8,MVCC_READ_CONFLICT,false,false,true,45.34,E4-rr100-r01,false
207,3d3baf972897270dffd980cf0fbc8f34c89bcf87611603c2036835ae683bc349,MVCC_READ_CONFLICT,false,false,true,53.04,E4-rr100-r01,false
208,b123b982f4f19e1d1ca10b0f3b7c4449e5ba2ee0f8d94cf70c6736abec462fe6,MVCC_READ_CONFLICT,false,false,true,53.04,E4-rr100-r01,false
209,389f2ae532621f5afdbf1c618546416bc2f08d44c218f9fb867637052e2ab159,MVCC_READ_CONFLICT,false,false,true,53.04,E4-rr100-r01,false
210,cbc6c268f711d4729475561bb48803045351acebc0adbbfff527eb14a3ddbbac,MVCC_READ_CONFLICT,false,false,true,53.04,E4-rr100-r01,false
211,d59d5cb61967f9edd8e951db38b66c9304b4d9d2b2e15eb1c62728e3f01fbfd5,MVCC_READ_CONFLICT,false,false,true,53.04,E4-rr100-r01,false
212,98e814a0033cdc71071747dc478d03ab766381ea8beabfecb080096b52404643,MVCC_READ_CONFLICT,false,false,true,47.70,E4-rr100-r01,false
213,0bea04a00668443ca373bd23e093f76cbf2811c85d5291eaa653a475d6dee11f,MVCC_READ_CONFLICT,false,false,true,53.04,E4-rr100-r01,false
214,ea08049dbb39ae87ff79de17539356faf99237c89a1d093c70a6037b6a4906c2,MVCC_READ_CONFLICT,false,false,true,53.04,E4-rr100-r01,false
215,34cdbaa5c47e68619c065230e657fbea207a3d463de8db9edd28dbb16f539910,MVCC_READ_CONFLICT,false,false,true,52.54,E4-rr100-r01,false
216,a3735921ffdaac4d930ad324cb8f6589dd5908410f64b87ab4cd93271a71bf2f,MVCC_READ_CONFLICT,false,false,true,52.54,E4-rr100-r01,false
217,96a2e097d6f408a18b7fa94425e5ecdff1c405e97702ebb2a8139bfe94d38d09,MVCC_READ_CONFLICT,false,false,true,47.19,E4-rr100-r01,false
218,8572b76e3afd0242d438d33a0024d50332c516e00a0afe520182f9f9b296d9e1,MVCC_READ_CONFLICT,false,false,true,47.19,E4-rr100-r01,false
219,9346678a228aa76b1b1ccc37b3f973f145a3ce07ac1dcc0c7d3f8dd31b0955f9,MVCC_READ_CONFLICT,false,false,true,52.54,E4-rr100-r01,false
220,,,false,true,true,24.07,E4-rr100-r01,false
221,a75b704c35fbafc0b0d933fd2d1f0d766b8697cc0fb0080e71385221ef88691c,MVCC_READ_CONFLICT,false,false,true,61.07,E4-rr100-r01,false
222,e7b11c93b66baf42a70579273b14da53ecbcf21fb131800562c5ed6b79481440,MVCC_READ_CONFLICT,false,false,true,61.07,E4-rr100-r01,false
223,,,false,true,true,24.07,E4-rr100-r01,false
224,,,false,true,true,24.62,E4-rr100-r01,false
225,,,false,true,true,23.39,E4-rr100-r01,false
226,,,false,true,true,24.07,E4-rr100-r01,false
227,,,false,true,true,24.07,E4-rr100-r01,false
228,,,false,true,true,24.07,E4-rr100-r01,false
229,,,false,true,true,23.39,E4-rr100-r01,false
230,1ee4a0f36eea724b309ce8a5a3cf67a9ce18742953c13bad3759895be8a1c326,MVCC_READ_CONFLICT,false,false,true,47.86,E4-rr100-r01,false
231,8f79d680bfffab594fc09bd8a41cd1229b7c175e0179de2adb31f4cd91267a2b,MVCC_READ_CONFLICT,false,false,true,47.86,E4-rr100-r01,false
232,ba595b64f7260be434daa7cd4bc666ac3820d53c3b908469a916694719da1447,MVCC_READ_CONFLICT,false,false,true,47.86,E4-rr100-r01,false
233,c53a30082ad8154eff8c73a8e30fcf69c0dd053524309e5274a3b68cd4fe8314,MVCC_READ_CONFLICT,false,false,true,47.86,E4-rr100-r01,false
234,f04d47c7a4394a8f860bd4484a640f79eb5e5c4c9088410ee015413dc1a53f01,MVCC_READ_CONFLICT,false,false,true,47.86,E4-rr100-r01,false
235,ca846cbd6832e9796118b4fafb2acb9d8c74e36c6bf97d8aa4bc44816648c005,MVCC_READ_CONFLICT,false,false,true,57.87,E4-rr100-r01,false
236,6ab16cfa853276bac591eea37120003d14b8a653a340b3eb40d33d324c39088b,MVCC_READ_CONFLICT,false,false,true,47.86,E4-rr100-r01,false
237,ced7a7afcf3213c84d244aba71e1de303897bae5138a2551458864384de633ea,MVCC_READ_CONFLICT,false,false,true,47.86,E4-rr100-r01,false
238,a5c4f3ef346a498c5da9a038c4cbb14968c1a24d34a21109df0f8aea028221c3,MVCC_READ_CONFLICT,false,false,true,57.36,E4-rr100-r01,false
239,81e6f03559718272c23774e0f312d8cd28159b5697bd2f4389b5f833e86c069c,VALID,true,false,true,47.86,E4-rr100-r01,false
240,1f1a6c6ee304b0c2af21ecb07b2579f9307deffd60e314bd5853ebada72e836c,MVCC_READ_CONFLICT,false,false,true,47.18,E4-rr100-r01,false
241,1165d4184464d2dedf7753ab5e4047c1ddf24f077f4d52df736798b5a6f58f23,MVCC_READ_CONFLICT,false,false,true,63.21,E4-rr100-r01,false
242,d767b2a42e4c7ecc7b0b1f60e4d611cbc33ba7c463ed817b6843a94f14b7c715,MVCC_READ_CONFLICT,false,false,true,47.18,E4-rr100-r01,false
243,a9cae41111fc587febd61dac6d7b5c3afa674d3a4c07a1884658103e7d533124,MVCC_READ_CONFLICT,false,false,true,47.18,E4-rr100-r01,false
244,845cb1a66568fddd5c06110e7dfb31ad81c5a40fc50ed84bdc5292fef3f2c84f,MVCC_READ_CONFLICT,false,false,true,63.21,E4-rr100-r01,false
245,d38ebb4dcafc4c1ff6d393e34026c3859c3208b1c6f10fb1eb0a66860346edb7,MVCC_READ_CONFLICT,false,false,true,46.50,E4-rr100-r01,false
246,ef166e602c1f04ce8a56b1fa791a1edf52b1b8d81e3a8cd082bcc29d6dc69792,MVCC_READ_CONFLICT,false,false,true,46.50,E4-rr100-r01,false
247,a1d939b4f0b13d605bb08248a49ce766023bff1462eb8759dac57967cf0c33c3,MVCC_READ_CONFLICT,false,false,true,63.21,E4-rr100-r01,false
248,57cc6c09abb4afa86293daf7803f361f70f33996c735fed87c47833b07cc27f7,MVCC_READ_CONFLICT,false,false,true,46.50,E4-rr100-r01,false
249,2ea31f550f1bc95836527411fbe74cbf322d21418e81fb04c5e14b6162f179af,MVCC_READ_CONFLICT,false,false,true,63.21,E4-rr100-r01,false
250,6f37e65dcf1de01008f77795d1bfa475c7380cc6663edfa9b3aeb4acc846ae2d,MVCC_READ_CONFLICT,false,false,true,46.50,E4-rr100-r01,false
251,b5ced03cdc54506ce9d1e6c0920aec3785478399cd101974107c61e48057e3f3,MVCC_READ_CONFLICT,false,false,true,63.21,E4-rr100-r01,false
252,913837f1d52a5bd15e22523f7c56e1b1771334685b02f418e0c4205f872ff38d,MVCC_READ_CONFLICT,false,false,true,63.21,E4-rr100-r01,false
253,7d7871325f4d0a3043255d4b30c1986db4984fe988d2d259dc2aa29ed9b2fac6,MVCC_READ_CONFLICT,false,false,true,63.21,E4-rr100-r01,false
254,68a9d09dfd86fb32357902019c8fac26d156e7ecbef97eed7650a8067ed4afab,MVCC_READ_CONFLICT,false,false,true,63.21,E4-rr100-r01,false
255,52240789b3f9ec6cbc8a1a989a2f02b0d785b047d19987c08433070ccb01ede9,MVCC_READ_CONFLICT,false,false,true,46.50,E4-rr100-r01,false
256,4fd269c6f6167f7a8e11f8815af8ff1d1fd20bad3818a86de4c237eb95dca1f9,MVCC_READ_CONFLICT,false,false,true,62.66,E4-rr100-r01,false
257,b3983d55863b2f063fac79cdf86e07f670639e8169b6a268af43022d6d11de5d,MVCC_READ_CONFLICT,false,false,true,62.66,E4-rr100-r01,false
258,ee5f2e5506d5840c9fbecdb6e7781b92bf636a837c45def73da4659ed0a8811b,MVCC_READ_CONFLICT,false,false,true,59.03,E4-rr100-r01,false
259,9b1288f4a10ad84ae7df00bd95b82539b7e46225a3c2594c8a921763db051267,MVCC_READ_CONFLICT,false,false,true,49.24,E4-rr100-r01,false
260,330347b0cbedb74cb9823d974bfe66cc2a2cda42a8651752664be925ebddf9c4,MVCC_READ_CONFLICT,false,false,true,49.24,E4-rr100-r01,false
261,34d13fca68a124ac165bc5c0ba744f9b6769bb6b139410f11ad5f3d4007d7ad0,MVCC_READ_CONFLICT,false,false,true,49.24,E4-rr100-r01,false
262,9bbea1fafbf02263ae048c4ac17e3a563f24283fc9f57f524b572b3eff3b83e2,MVCC_READ_CONFLICT,false,false,true,49.75,E4-rr100-r01,false
263,283d83bc8cdf6c82dab889d5044e104ee41fc5a7ce9b0e86609afd29238c1773,MVCC_READ_CONFLICT,false,false,true,50.41,E4-rr100-r01,false
264,6ed49ea94e278f13d2ac910ffabc2748086a4468afc1affaf9e09ccf7a6cd5dd,MVCC_READ_CONFLICT,false,false,true,49.24,E4-rr100-r01,false
265,0d5676bc1061627873a7edbdb610774b6d1bd3b04782f7e0bf34d0bc61be2342,MVCC_READ_CONFLICT,false,false,true,49.75,E4-rr100-r01,false
266,d0449b7daa258433a4b7aacbd661f2629419ea0d20862bd3d61854cd6f8d071c,MVCC_READ_CONFLICT,false,false,true,59.03,E4-rr100-r01,false
267,f4a4e6dc713f84e8bef4c331f2c2a58db090c7d17e72143fe1d3f76d0423fef0,MVCC_READ_CONFLICT,false,false,true,49.24,E4-rr100-r01,false
268,1b745de29a2d4628cb23df69285f914144d541911087d4ab24354a9b47a8ede0,MVCC_READ_CONFLICT,false,false,true,45.07,E4-rr100-r01,false
269,e885b6e49c19cf9eaff3a76244b9f4581d215908f19a93c925a51d007ba79781,MVCC_READ_CONFLICT,false,false,true,44.41,E4-rr100-r01,false
270,a8721adc20f61ac9fe8113bf6d7173d3659bc907249cf8fd3a396f0a68a6ebf6,MVCC_READ_CONFLICT,false,false,true,53.69,E4-rr100-r01,false
271,554a5641c1a846f80ac244f71ee99fa0af1d0005e4201cb382077dcdc8998dda,MVCC_READ_CONFLICT,false,false,true,53.69,E4-rr100-r01,false
272,6db7ca4e0b3e0d026f70b64dd6b47cd244a4c2209facab9657878445849ae346,MVCC_READ_CONFLICT,false,false,true,53.69,E4-rr100-r01,false
273,525a711ea061ee46c3553ba07b242323d7b7ca47181dd6b627f3be1c2710cc7b,MVCC_READ_CONFLICT,false,false,true,53.69,E4-rr100-r01,false
274,0fb636f8a1789b21bbde9b8740e5b428040a11755fab8500339dfffa050d16a6,MVCC_READ_CONFLICT,false,false,true,53.69,E4-rr100-r01,false
275,1697a8a540f05cd6805d00bd72aaae75ce254c351900a63ec4d4feff5e554870,MVCC_READ_CONFLICT,false,false,true,53.69,E4-rr100-r01,false
276,feeb24808a260a25af568fe92e00a305dcde16a80e6438a6a0de3c9d54384577,MVCC_READ_CONFLICT,false,false,true,53.69,E4-rr100-r01,false
277,368e1f6f2b7df75caf3be809b0e768a4037b1f0dea97cda3e5ee7f79881bafaf,VALID,true,false,true,53.69,E4-rr100-r01,false
278,26caf8032f7d4418b9144407c68919ad9b5eeaecaab84d427a922263d5302e10,MVCC_READ_CONFLICT,false,false,true,47.93,E4-rr100-r01,false
279,fab4e37fbcbf877c876cc1675a1366e417915e4fe787b0eb1ed997cd730f7b37,MVCC_READ_CONFLICT,false,false,true,47.93,E4-rr100-r01,false
280,5072685c6449fd98ad570785a50f430e91361b870fdbfe0e41d207fa0b8d73f8,MVCC_READ_CONFLICT,false,false,true,47.93,E4-rr100-r01,false
281,8418afd3d761c36bacab249083c7fe20242e0ec705890d07aa48b78dedb2e2df,MVCC_READ_CONFLICT,false,false,true,47.93,E4-rr100-r01,false
282,d6806f29288700741aabc30bbf8ffbb1780bb5aa9b719c13e4d5bb4750083185,MVCC_READ_CONFLICT,false,false,true,47.93,E4-rr100-r01,false
283,5626c42d9c43443fe957616f929afcb38839f5b0941fc277cc02d752344b85d4,MVCC_READ_CONFLICT,false,false,true,47.93,E4-rr100-r01,false
284,e513a908c2706097ad9da61fd04dbfc699c4c0bc004ea7a23baf016b063f678e,MVCC_READ_CONFLICT,false,false,true,47.93,E4-rr100-r01,false
285,656a682cf5f830a49e8a73b08f913e504c17dc0b422ef4d71920ef6b59c38393,MVCC_READ_CONFLICT,false,false,true,47.93,E4-rr100-r01,false
286,0cf0b3d2d8f0e47ab8dc667b41abcd31bf50821d0b1d7de3bbfa326959109131,MVCC_READ_CONFLICT,false,false,true,47.93,E4-rr100-r01,false
287,9b1d9ec1f9bfcb6d90ac8aa3834e4d52dc90f512e26c379e6af8b2608a19f1a2,MVCC_READ_CONFLICT,false,false,true,48.43,E4-rr100-r01,false
288,6bc06a86ec68af54a61ff79c1ad0c907ac85ba9904adf44b2b5a9402551e80ef,MVCC_READ_CONFLICT,false,false,true,63.92,E4-rr100-r01,false
289,f8853ddfb7be7b00338c2bdc254b647abbc69a2c6e386097579ea4aa2a37782d,MVCC_READ_CONFLICT,false,false,true,63.92,E4-rr100-r01,false
290,f11bebc76d76e3ab3df52055852188bc3fea7f61125e2fb8aaa550c1705fc650,MVCC_READ_CONFLICT,false,false,true,63.92,E4-rr100-r01,false
291,48c9651a6bfd34954f8b72c0fc22ae71ca1d948d86da8645d28bcb65937bd731,MVCC_READ_CONFLICT,false,false,true,63.92,E4-rr100-r01,false
292,8e31d0f3249b73b4b3a9418007054765dcece504129937e50ddc28855011d57c,MVCC_READ_CONFLICT,false,false,true,63.41,E4-rr100-r01,false
293,d3826c083bba40242d1eed0594453d9a5f41c6b470c8f71d23172a25f211e856,MVCC_READ_CONFLICT,false,false,true,63.41,E4-rr100-r01,false
294,5b0523aae94df6ef394e92ad877d8b906e1b1eaecf799bdd2d7ec132aee05471,MVCC_READ_CONFLICT,false,false,true,63.41,E4-rr100-r01,false
295,1918f0174e7c617d567678ca96577f2d1d126a61a10342d479bfad7ee93373b1,MVCC_READ_CONFLICT,false,false,true,63.41,E4-rr100-r01,false
296,4eb346f3ccf2aaf4529e6e4869ffe1c93de8b52a1598beb36065622c1d0beda5,MVCC_READ_CONFLICT,false,false,true,63.41,E4-rr100-r01,false
297,484cf849b32509cde222fbb183833aad40591f7c7808b18081c25aecb05ddb48,MVCC_READ_CONFLICT,false,false,true,63.41,E4-rr100-r01,false
298,ab4861379c503b94037b8596dde7dbee13bbe873581e09e5979bcb83a575b7f0,MVCC_READ_CONFLICT,false,false,true,47.20,E4-rr100-r01,false
299,40a86875366c2dc556660e099e35b312627eabf763e1205421a0e421eac12fca,MVCC_READ_CONFLICT,false,false,true,50.80,E4-rr100-r01,false
300,87bcbaa24bcce4b1a4f85ca903d1204ef4ade8a1e87351febe2c387c84e6f5ef,MVCC_READ_CONFLICT,false,false,true,47.86,E4-rr100-r01,false
301,a2d0f02fcd08b4091078e1e9567ce20639975463e2e2a71ec5fcfb2098bb6912,MVCC_READ_CONFLICT,false,false,true,47.86,E4-rr100-r01,false
302,a45c85759db36d14ce875477b785a73d348be22786f299ffcfeafcea50165f24,MVCC_READ_CONFLICT,false,false,true,47.86,E4-rr100-r01,false
303,9aca650fb116bfbd7b73b5365456b51a153b967175c1c5ed9c1a851d7afa3626,MVCC_READ_CONFLICT,false,false,true,47.86,E4-rr100-r01,false
304,9f24dae63cd60f0c889b6d7f6b24c0333af75b9afd1a8ad9f9b1aed38fe1fb2d,MVCC_READ_CONFLICT,false,false,true,47.20,E4-rr100-r01,false
305,91a53cb77d70140663fa985e54e2af49295608e2b7e9f462916d5a965988315d,MVCC_READ_CONFLICT,false,false,true,47.20,E4-rr100-r01,false
306,011097a9879d99892d7bfeca0d6ce2d4ad4b7208e4dd80620c1923b4c9378cf4,MVCC_READ_CONFLICT,false,false,true,47.20,E4-rr100-r01,false
307,b51dd1cfc12f8cfa80e2071995cd108da0a275853c23b5bdd26f753111dd36d6,MVCC_READ_CONFLICT,false,false,true,47.20,E4-rr100-r01,false
308,d847308b9b8d12a9520e65a585e481661508b9408647fabd091d83c75b1dbd5a,MVCC_READ_CONFLICT,false,false,true,49.07,E4-rr100-r01,false
309,6bf30b2023c79db6fed079ecd71ac73136d7590eaa5bdd79ba211ec34dc84890,MVCC_READ_CONFLICT,false,false,true,49.07,E4-rr100-r01,false
310,4da5b8912c3ea74c348677525843a3cc6f23482bad64abc7f7f6458fea245aeb,MVCC_READ_CONFLICT,false,false,true,46.13,E4-rr100-r01,false
311,2fcb11949baa823b696bfb41e0ee1c2608f2b3c96c79ee5dca9b21a642958bc1,MVCC_READ_CONFLICT,false,false,true,49.58,E4-rr100-r01,false
312,4eaa237cdc6cc3a3f3aa442c580a59de1e20bf79fd395c22288a0a30355f8b4c,MVCC_READ_CONFLICT,false,false,true,49.07,E4-rr100-r01,false
313,07c45a0f7c13ee2b159d7a647b760a25fe6fae195d0481d0c38a9f102913dadc,MVCC_READ_CONFLICT,false,false,true,63.74,E4-rr100-r01,false
314,3c5862e159d4bf8ea1f3030168a3c591e394e25378f755437026f225eeb751eb,MVCC_READ_CONFLICT,false,false,true,63.74,E4-rr100-r01,false
315,cbb3bea3f07ca254daf8d80b82dfaea1318ff3f0b51ee80a556dd2000762d321,MVCC_READ_CONFLICT,false,false,true,63.74,E4-rr100-r01,false
316,d9e5d9d886cc72f2df0385b4d388883e118f04e02d3f68fcf1ae9af287ae21be,MVCC_READ_CONFLICT,false,false,true,63.08,E4-rr100-r01,false
317,8f5a95867607bbbceddc0a62aaa5ffd665e9ffeb056ab116e7426092c33ce63f,MVCC_READ_CONFLICT,false,false,true,63.08,E4-rr100-r01,false
318,d133b69814a6b58faac6621a8c5fa96c2dac2cbd3bc8411bfaffd21b6a6c6479,MVCC_READ_CONFLICT,false,false,true,39.28,E4-rr100-r01,false
319,98181813782b4860d728ff3e36e5041a6f941a44746ad3f9dee7dab61267c161,MVCC_READ_CONFLICT,false,false,true,39.28,E4-rr100-r01,false
320,9b17745e2d1ef040757b0cf00fb21b37ce7282dbf6e615f3fffdb542a56cfeae,MVCC_READ_CONFLICT,false,false,true,39.28,E4-rr100-r01,false
321,7e3700d91e3712509ac358ec9a1c63fbf58b9746def456a47a866db775eaed82,MVCC_READ_CONFLICT,false,false,true,54.46,E4-rr100-r01,false
322,2aebe444c18ede06078c8fd73b9aba171de1a6b85dfc50eb48c3a7307603a839,VALID,true,false,true,39.28,E4-rr100-r01,false
323,b457a65c139c53f57916e227657caffb87abba4ced41647a601ef2db7d432288,MVCC_READ_CONFLICT,false,false,true,39.28,E4-rr100-r01,false
324,0a507c8f47e40c49428be33f1e45979da210599c7459376447be2f3fb6647fcd,MVCC_READ_CONFLICT,false,false,true,64.76,E4-rr100-r01,false
325,52670f252c21ce759b41d70522f9479a8fa4013e1b4c14b6d563c22f460bf958,MVCC_READ_CONFLICT,false,false,true,54.46,E4-rr100-r01,false
326,a16d9ee54d4b7c0a862dfc8354418ca7487462a4b8980c627b8038c693bf2ec3,MVCC_READ_CONFLICT,false,false,true,54.46,E4-rr100-r01,false
327,dc1a02a8cc64b3926b533271dc9f4a3deda40861eb23c1038fde1c6d542a5471,MVCC_READ_CONFLICT,false,false,true,53.95,E4-rr100-r01,false
328,0b89bb24cf7b16d6bb4948b4ecd484ddbc120e29013f4ca98603327ec5e674bb,MVCC_READ_CONFLICT,false,false,true,54.56,E4-rr100-r01,false
329,23f56dbe93058988a99bd784dddc237b12f85ce922fd53ba2dd16de65034ec46,MVCC_READ_CONFLICT,false,false,true,54.56,E4-rr100-r01,false
330,a9cda19240f620bfd26f001a168856d5863c049da57e80f85fedda91f40d7010,MVCC_READ_CONFLICT,false,false,true,54.56,E4-rr100-r01,false
331,7801a57b53c160ac3c696fa9e35c52d672d058c52eb8e6c9c8b6cdef2d3f7a45,MVCC_READ_CONFLICT,false,false,true,44.26,E4-rr100-r01,false
332,b8db46f5ef29180efb1c2e378d11ebcbeb45023d43d1dab19ce8e440ff81ef03,MVCC_READ_CONFLICT,false,false,true,54.56,E4-rr100-r01,false
333,c80c4873c87347c63ff3c07f927260c8918cf8147f6f75b423d65c376e72bac4,MVCC_READ_CONFLICT,false,false,true,54.56,E4-rr100-r01,false
334,952e02983c6e1c13aafa4995f7ec49e8da1ada896c1c265008e5d2d6cef81850,MVCC_READ_CONFLICT,false,false,true,54.56,E4-rr100-r01,false
335,4945a810fcc8808ae6013845c267066b8f20863f31574340f1823bb722cbd749,MVCC_READ_CONFLICT,false,false,true,54.56,E4-rr100-r01,false
336,105994cdb7d80f4ba7e9223c49663fd4c655250e1c6780b23ea29f552d722f3c,MVCC_READ_CONFLICT,false,false,true,54.56,E4-rr100-r01,false
337,53982303f87528890a4f2ab90a9ca22bc4857ab1e34f50f622c7999ce96dad91,MVCC_READ_CONFLICT,false,false,true,54.06,E4-rr100-r01,false
338,58cfd86edea81b230e6d91e3a205697c0a4d04a5e20e59a302e7704b4d3a09e0,MVCC_READ_CONFLICT,false,false,true,51.65,E4-rr100-r01,false
339,c45110d50981e72d19b888855cc082a92a81abba7c1674d12b131011e55eb7a2,MVCC_READ_CONFLICT,false,false,true,51.65,E4-rr100-r01,false
340,c37b144e45562623266adb09ce3d56f7b7314f2f3c7c269c931d0dcaa6ece6a1,MVCC_READ_CONFLICT,false,false,true,47.65,E4-rr100-r01,false
341,ed34fcbf849677213131d22538314117e531dfc7b0e5dc6644490410a7a2d11c,MVCC_READ_CONFLICT,false,false,true,47.65,E4-rr100-r01,false
342,7c6bfab1ae785d91216d06a705c52208f4ffd04df472f56129951a345c51ba59,MVCC_READ_CONFLICT,false,false,true,47.65,E4-rr100-r01,false
343,35256be24c48a25c1a9b35d77fb65692ad7922be4c4f8d8b44b140c793f0b37c,VALID,true,false,true,47.65,E4-rr100-r01,false
344,e226fb7f83181ff594f01cf0949c4734a31cad6269e35076cdf6c445f3d8925b,MVCC_READ_CONFLICT,false,false,true,47.65,E4-rr100-r01,false
345,8bd53234cea9a827d02d54144ffbb9cd9624b71671c95aee7c8180b247c4a3f0,MVCC_READ_CONFLICT,false,false,true,47.65,E4-rr100-r01,false
346,9e164051ca8c8bd5e6d84d26f7b107df94de69c6cebfbb280d061f4ebb91682c,MVCC_READ_CONFLICT,false,false,true,48.15,E4-rr100-r01,false
347,04ab111483b9146d0dd7eb1902407adf1f36536903fcc58238eeeb7384d038b9,MVCC_READ_CONFLICT,false,false,true,47.65,E4-rr100-r01,false
348,70ccfcd9725c6e40982f0f892d63cd232311e8438f9d75bdabdc62e75e9a359a,MVCC_READ_CONFLICT,false,false,true,47.65,E4-rr100-r01,false
349,f22646486e387e2f4a2e55b322d4023db8d693865fca18a9f39d74663747d511,MVCC_READ_CONFLICT,false,false,true,51.65,E4-rr100-r01,false
350,8e88e59557673a82eb0a958e1fb057fc6dff72e61544794cb5ba92765132ae85,MVCC_READ_CONFLICT,false,false,true,51.65,E4-rr100-r01,false
351,0834d6e74fc96482d08c6bcf733762494c059db64987f50025948322752941e2,MVCC_READ_CONFLICT,false,false,true,51.65,E4-rr100-r01,false
352,bc86a8fb83454a2add63ced14ece69883e3d7a4b26cd51d8759469e163c47d39,MVCC_READ_CONFLICT,false,false,true,51.65,E4-rr100-r01,false
353,2c4cf76de95b5320fcc519891bbb89508cb059bf91e3a0b88d2529bdd8dc2867,MVCC_READ_CONFLICT,false,false,true,46.99,E4-rr100-r01,false
354,37f00321fa71c033f5bc87a957bfe05b13c57441c16522107c4d0158eb656697,MVCC_READ_CONFLICT,false,false,true,63.03,E4-rr100-r01,false
355,6a0db128e74b055f8a56e92748cbd6c79243c674b4922eec1226e92725b316ab,MVCC_READ_CONFLICT,false,false,true,51.00,E4-rr100-r01,false
356,60736e8f960ae41faa9d184a13715f42c94bc8ce2e8b631d539d4cdd6c7ad70a,MVCC_READ_CONFLICT,false,false,true,51.00,E4-rr100-r01,false
357,a3c800f9ae2d4dd4d66065715092bc0a0466756980a232cbfa2534b1b3a1cdf7,MVCC_READ_CONFLICT,false,false,true,51.00,E4-rr100-r01,false
358,7d11de3d00cf5d3478571a4dcbe4a31e553a00c7d900c5be6ae1b779e1a038e4,MVCC_READ_CONFLICT,false,false,true,60.09,E4-rr100-r01,false
359,715efdadc0778fdabeb31711001b671bafd9c5fb6020ddea542b6ccfe3a09900,MVCC_READ_CONFLICT,false,false,true,48.06,E4-rr100-r01,false
360,dcbd6f739bac964fb19c9dddc03e866b4bed87d1b89c7cd144d1d62174d52e0c,MVCC_READ_CONFLICT,false,false,true,90.78,E4-rr100-r01,false
361,acb45d034138e48893d0a331faa0c10f86f843089fa229d85ffc092e28efcb48,MVCC_READ_CONFLICT,false,false,true,90.78,E4-rr100-r01,false
362,1ca1b59556bb07b6c8423c14d85f5ec0e305ef861972a92586c5c4774a60fb27,MVCC_READ_CONFLICT,false,false,true,59.30,E4-rr100-r01,false
363,2a8ba6d4d7b5f08b051f717c043ecbc55f6aa96f873ab5ad348622b17db26db8,MVCC_READ_CONFLICT,false,false,true,59.30,E4-rr100-r01,false
364,413d4e3d9b2d42cbe6b5b5367bc21618c7662dc482e5604cc87745282468524f,MVCC_READ_CONFLICT,false,false,true,90.78,E4-rr100-r01,false
365,41027e85dcb2b8c5e3029f54d7b75b001a5eb9aab8ddd34699e4a703c3e3ea33,MVCC_READ_CONFLICT,false,false,true,60.09,E4-rr100-r01,false
366,6e00ee1befa7c07a49472feeb90f840065fa51817179a7aac6c5f7966ad3e886,MVCC_READ_CONFLICT,false,false,true,90.78,E4-rr100-r01,false
367,8610190b65b22be8043fc449c53b35c413aade2e82add86340e0e484789c20ba,MVCC_READ_CONFLICT,false,false,true,58.79,E4-rr100-r01,false
368,10185e2cc83f1d01fdadd4cfe595d1609bc959dfacf9d3b7e95f481d0bf62284,MVCC_READ_CONFLICT,false,false,true,44.91,E4-rr100-r01,false
369,e1195d48da83e57fec1270be58194ecd951d480aedd1bbc36c74b74c47479cae,MVCC_READ_CONFLICT,false,false,true,44.12,E4-rr100-r01,false
370,ed293541ccdc384998727ff2b4fd509062cce18727ff7f3ff3ccfabbeb9b995e,MVCC_READ_CONFLICT,false,false,true,75.60,E4-rr100-r01,false
371,fddd275fd65d4bdc2158876372c27259746e318b53c80442409c4034a1138db8,MVCC_READ_CONFLICT,false,false,true,75.60,E4-rr100-r01,false
372,769e19fa38bbbdb268df3b8d44f7b5bb672b2fead9f4cc184b3323887c477711,MVCC_READ_CONFLICT,false,false,true,75.60,E4-rr100-r01,false
373,511767bc4dc2c99e6f4c703e4555e9b1792620d43f036d85d480cebd3d6c8944,MVCC_READ_CONFLICT,false,false,true,76.22,E4-rr100-r01,false
374,05afdc9be7c38bab07fa6617f0ba5ab7a73cb2a76e5a62cebf89acca26d083e2,MVCC_READ_CONFLICT,false,false,true,75.60,E4-rr100-r01,false
375,6a85b2dd5a1833e5ed529692d14245327e36901821a79e0e395c7a2512d59c6a,MVCC_READ_CONFLICT,false,false,true,44.91,E4-rr100-r01,false
376,665504629dd403e3d60362ea23f1095e48c66fdf6ad0c1faf1e1191e718d48f7,MVCC_READ_CONFLICT,false,false,true,44.12,E4-rr100-r01,false
377,06f1f27d09fc633ddb8d76bb7ea3752990be2a1215b5a9b5b3c4b525937f9e46,MVCC_READ_CONFLICT,false,false,true,75.60,E4-rr100-r01,false
378,c8481e285133252140a1696c35a9a4548e7cb77d78a7f1ad136e078ac33be2ee,MVCC_READ_CONFLICT,false,false,true,65.30,E4-rr100-r01,false
379,2ba4424a890cd6b1f3511c70e70a953cb33f5331b55607af69f7948329817483,MVCC_READ_CONFLICT,false,false,true,65.30,E4-rr100-r01,false
380,1e27a80ccc388988248d1411686e2d9470a5792bc2b7f6f7f7b99a82fedbef60,VALID,true,false,true,65.30,E4-rr100-r01,false
381,d8f0ea056371dff2669bbfb57d3b255528e34b80368cc78470b1dee31f6f4977,MVCC_READ_CONFLICT,false,false,true,65.30,E4-rr100-r01,false
382,5795558b4d8ec64c99038be73c361774915d76d0fadf4b5bcc27b465158779ab,MVCC_READ_CONFLICT,false,false,true,65.30,E4-rr100-r01,false
383,9c1833a8e2101b61bc373c9941f9d9be58fb3b7bc0e9926066e5935bbf7f06bd,MVCC_READ_CONFLICT,false,false,true,65.92,E4-rr100-r01,false
384,540e7ec51223a5d482a01728c1b7639d6e5ac2b3915311c6b69e108c7c8e3c05,MVCC_READ_CONFLICT,false,false,true,65.30,E4-rr100-r01,false
385,3919460be5d610400ec199034469aeb21ca08b6f58e4c0c0026f9cc00262dade,MVCC_READ_CONFLICT,false,false,true,65.30,E4-rr100-r01,false
386,1a34c012b90812107cc380e78a28b40af7c70f1b46c85f6e7d988bab1eeaede9,MVCC_READ_CONFLICT,false,false,true,65.30,E4-rr100-r01,false
387,e499907b861b2d85d1c556fc287b472f14862e28a6275a566a2c16d42fc53e58,MVCC_READ_CONFLICT,false,false,true,65.30,E4-rr100-r01,false
388,bd8dc404efb3e0c679533716f08553a11ae756f4283581846afe770bb23e303c,MVCC_READ_CONFLICT,false,false,true,46.73,E4-rr100-r01,false
389,8f4d3b81cf27fdb9a534a12b5444434eac31d6e7120b27d99ed937c8b22c5218,MVCC_READ_CONFLICT,false,false,true,46.73,E4-rr100-r01,false
390,1584352fd498cc1d7724ed8bad5ebedaa8eecc4c034fb183987a571050831617,MVCC_READ_CONFLICT,false,false,true,46.73,E4-rr100-r01,false
391,742ac9ad6397604035640ced41b36ee11a54b22894a6fc472f3b645c447e7c39,MVCC_READ_CONFLICT,false,false,true,46.73,E4-rr100-r01,false
392,b2691ffb1599dc92a4db3c07bc6deccfef36b2ed1a188fa32a835305264fc844,MVCC_READ_CONFLICT,false,false,true,47.35,E4-rr100-r01,false
393,f3b4caa35bae83b272b711a710b010a7e0f32899ddf0ba4c897167b95b4ff61d,MVCC_READ_CONFLICT,false,false,true,46.73,E4-rr100-r01,false
394,e443caad93a7d45c817182447175fcd946dbfe313b6f588feeb044271d016268,MVCC_READ_CONFLICT,false,false,true,46.73,E4-rr100-r01,false
395,b540cf9297d459c918ea8e3c18f31574d7d3f56a49938e3fb71e0414446de2f0,MVCC_READ_CONFLICT,false,false,true,47.35,E4-rr100-r01,false
396,3dabf454c55e599f102fb119b8e3ee6f05f4a6c5681f48896d42bcc0bbcb9958,MVCC_READ_CONFLICT,false,false,true,46.73,E4-rr100-r01,false
397,a8ddbe51e157d05525f179b703a45b10b8731d0da09b52340ae47dee0683b065,MVCC_READ_CONFLICT,false,false,true,46.22,E4-rr100-r01,false
398,b9d7b402b593c3de1ebe7b2f61f773ec2ffb3dbbefb80cfdf0c0c6701f08cb91,MVCC_READ_CONFLICT,false,false,true,50.42,E4-rr100-r01,false
399,3aa42da95b7f196488bb87624a511fbb6f870a39466044261cdf8ee9329b71d5,MVCC_READ_CONFLICT,false,false,true,50.42,E4-rr100-r01,false
400,17982e5cf853c03ecbf1eb98341fa3c4419e7aa8b82fec36afdac3ba9590c5a9,MVCC_READ_CONFLICT,false,false,true,50.42,E4-rr100-r01,false
401,b0071431c802e58e194bfca8457bbb311ca83de5fd1ca0c960f22d536ff0fe47,MVCC_READ_CONFLICT,false,false,true,50.42,E4-rr100-r01,false
402,c1e28f765d32fef540af1aff5562bf3116eec60887f5985b99a5d5ed328cec89,MVCC_READ_CONFLICT,false,false,true,50.42,E4-rr100-r01,false
403,e4c589ab1ef10f45b30dbe3cf249449441f79c2f74cc31ff2d0b63b4bbf7e19e,MVCC_READ_CONFLICT,false,false,true,50.42,E4-rr100-r01,false
404,6712c3a1c49867c3ab3e6e844d8de823f60ecfd44deb4d7d2392ef5c70ce559b,MVCC_READ_CONFLICT,false,false,true,50.42,E4-rr100-r01,false
405,e626f2350e2b007c246ccdd326af354d4382352630aa91115f492937381d091f,MVCC_READ_CONFLICT,false,false,true,50.42,E4-rr100-r01,false
406,e9eea87e2f303791c1ed260a248e5391b26eaa10b7d3d595aff39db541c24324,MVCC_READ_CONFLICT,false,false,true,50.42,E4-rr100-r01,false
407,391482ce31fe7e8f51b2204125ccd40a9eddaaae52aa197c0b10cbc034fa41b2,MVCC_READ_CONFLICT,false,false,true,50.42,E4-rr100-r01,false
408,b09e57e09830426ad6eaa38f5526beb15294928d85fee6f475be4535ea1c4df7,MVCC_READ_CONFLICT,false,false,true,62.66,E4-rr100-r01,false
409,21d4619fc1ceb4d2531e9616611f6738c559e3919b74d6ccdc49625f0be8f0cf,MVCC_READ_CONFLICT,false,false,true,62.93,E4-rr100-r01,false
410,36b07a215aeefd0e7c2b245417a6f27aea8435fd5c6fa6765bb0df87adc97034,MVCC_READ_CONFLICT,false,false,true,62.93,E4-rr100-r01,false
411,65e252b159d7ba78dfef737d52e788de6e856b7fb2f0f74a8a826111c4488493,MVCC_READ_CONFLICT,false,false,true,62.93,E4-rr100-r01,false
412,695a04c10ca733352bb9082afdcb40d7b944d2c1a20e5bbc5a3fb80bf7ec823a,MVCC_READ_CONFLICT,false,false,true,62.93,E4-rr100-r01,false
413,4a79444560b95beca8d2b800c51fbb44daff8367d1661f64a5e6b2d79fe41cc9,MVCC_READ_CONFLICT,false,false,true,62.66,E4-rr100-r01,false
414,f2314fbf506ad94e7999313c612900838ab1c90a3efcdd5180b99c4d404b4fbc,MVCC_READ_CONFLICT,false,false,true,62.14,E4-rr100-r01,false
415,927933617b2a5cfdc8c183ca84618684cb0bae2b595293aa8cb13d0e3a19a39d,MVCC_READ_CONFLICT,false,false,true,62.14,E4-rr100-r01,false
416,8bdfe77897bb78356518bacb383d89431f5294937c7a42c45d580408cc79e284,MVCC_READ_CONFLICT,false,false,true,62.14,E4-rr100-r01,false
417,26b1aaef26ecccffbd6b6f98b29d10201219340d8ff4cbd5bc4b2712fc1b6404,MVCC_READ_CONFLICT,false,false,true,62.14,E4-rr100-r01,false
418,378cc7dedd073f40486c79b88ba7d1e7915af8e26e7ad9b1edece2408a777db6,MVCC_READ_CONFLICT,false,false,true,46.11,E4-rr100-r01,false
419,28ce32e48b45eb6e49bd8a95acf63ce129b3d3ec0a210611e901bfc363aea8c1,MVCC_READ_CONFLICT,false,false,true,67.04,E4-rr100-r01,false
420,a1064161af1be7f32830d7b72309494005eed9f1ddaff63608acea6501ca179d,MVCC_READ_CONFLICT,false,false,true,62.03,E4-rr100-r01,false
421,04daf87e655f7ba9c45ec3df22fa345e376365ca99ad2e672d742fc55b2300c3,MVCC_READ_CONFLICT,false,false,true,45.60,E4-rr100-r01,false
422,4011169cd17f88bf2c321c41f46fcc13a425dc81a7475fcdf63e06c45c8ef865,MVCC_READ_CONFLICT,false,false,true,45.60,E4-rr100-r01,false
423,74bea8b5ac040626182f314a77101419cada71891148a36bd016dc436f26494e,MVCC_READ_CONFLICT,false,false,true,45.60,E4-rr100-r01,false
424,ed047851a5e869677e6ae33434f4c82ddf62ceba310c066ab3598e6fc6c43335,MVCC_READ_CONFLICT,false,false,true,62.03,E4-rr100-r01,false
425,3b80d8f04c6ad6a433b382acc2bd1b9cb473f3b54576e487e09eab35fe52f8b8,MVCC_READ_CONFLICT,false,false,true,45.60,E4-rr100-r01,false
426,fe181ab1d4267774146a8f2663243e2990dfc9203eaf5c048aee367c17abca44,VALID,true,false,true,33.42,E4-rr100-r01,false
427,21bfd503d279e618d97cf0bae0203fa0a42ada21e25dabdfd9544556dd05e526,MVCC_READ_CONFLICT,false,false,true,67.04,E4-rr100-r01,false
428,a3c822e924a0a2ff2ccec599c775f9cf0d53c3ba15a323a4bb8d71bc636edd6f,MVCC_READ_CONFLICT,false,false,true,67.04,E4-rr100-r01,false
429,621cc41afc355b1a6ee2da3ad21daf231812367992aab1a1435c6be316684bf6,MVCC_READ_CONFLICT,false,false,true,33.42,E4-rr100-r01,false
430,6670492c47e92f9eb50a09bf4eaa187170cf187ddf549431828338977ed327f3,MVCC_READ_CONFLICT,false,false,true,61.41,E4-rr100-r01,false
431,f16c92fe8c026044e6109df18bfef6901fa875654064ed1f1fd40cd438389a3a,MVCC_READ_CONFLICT,false,false,true,33.42,E4-rr100-r01,false
432,cfa2408e2b711b312c24d4b7f65e255d87d5f353b84e7817def071d07203d24d,MVCC_READ_CONFLICT,false,false,true,32.80,E4-rr100-r01,false
433,ca4988d09de254be9def9ecd31d7406f9b831cb24dff803703da96787489ca7a,MVCC_READ_CONFLICT,false,false,true,32.80,E4-rr100-r01,false
434,4d5f704190d3a7b3093f957fcea0570a660a179da2e45873d76f2baf03c0aecc,MVCC_READ_CONFLICT,false,false,true,33.42,E4-rr100-r01,false
435,2745608605c4156d14c0c2a92c2463966a395c7e6ee109b8d2cd9a04198b1a0e,MVCC_READ_CONFLICT,false,false,true,66.42,E4-rr100-r01,false
436,3f3d9db23e833b4b6cef30ce2fd9daf800a0c8622948f49bfb894a552be508e9,MVCC_READ_CONFLICT,false,false,true,61.41,E4-rr100-r01,false
437,2e76d02e6d0c0feea93e889055a4ee5acf61dd318ddc842fef3063580e17efad,MVCC_READ_CONFLICT,false,false,true,45.60,E4-rr100-r01,false
438,1ecc25c8f5896a0ca728302f36e5382c2b34fbafc5c72525d59a45bac4dc72d0,MVCC_READ_CONFLICT,false,false,true,45.60,E4-rr100-r01,false
439,863922cce18e0100a345e68240ba0ff0b3c6c41886f4ccc069b030b81a8e67e7,MVCC_READ_CONFLICT,false,false,true,67.04,E4-rr100-r01,false
440,fb96b57ddc149f98f2c8c1b998b9d127f9431c5e3b2886119386afd72d9fbfd0,MVCC_READ_CONFLICT,false,false,true,32.80,E4-rr100-r01,false
441,c1122b0cd8537a9122a7a356c913cc3bafaefd7d0a53b78f5ac8d0f3fd6f8070,MVCC_READ_CONFLICT,false,false,true,33.92,E4-rr100-r01,false
442,80414d548ffdf39473719d401c07a8988edda3f4046edeaa31b9b8e62ef53401,MVCC_READ_CONFLICT,false,false,true,45.60,E4-rr100-r01,false
443,82db7c5bfeda36f9285956780f42361e5ca08ce75a5b1c2cd64436a69afa767e,MVCC_READ_CONFLICT,false,false,true,66.42,E4-rr100-r01,false
444,a0d9c421e8329da9ffbd81eaca432ff99815a02e527fdda9fb848e91cc451fc3,MVCC_READ_CONFLICT,false,false,true,61.41,E4-rr100-r01,false
445,244b1a7fbd0082af2eb7b398ad62e5417e585f029c27fdb449e7c0ff70f237df,MVCC_READ_CONFLICT,false,false,true,44.98,E4-rr100-r01,false
446,c163a3b50dee270e4494adb36e813a6c91b1bd19cf6b004e9c606792c0c8e491,MVCC_READ_CONFLICT,false,false,true,44.98,E4-rr100-r01,false
447,6c4c9c109a6366e728bbf9bf98bb76c80045ac3b1e2963ad6cb5608af6dd767f,MVCC_READ_CONFLICT,false,false,true,32.22,E4-rr100-r01,false
448,5765042f37683d8151f31113ffa3ceff5bf11127274aac62f364abe55d4f1561,MVCC_READ_CONFLICT,false,false,true,26.23,E4-rr100-r01,false
449,dc979d6087e7807f24d55af13ec2f35ef7f70c47ed2b9be3a794f1d777122756,MVCC_READ_CONFLICT,false,false,true,54.33,E4-rr100-r01,false
450,9d48528c8bb8d3a52493801b77339e5e99d8eb1efe55da2f7e75e5b458cb1578,MVCC_READ_CONFLICT,false,false,true,54.33,E4-rr100-r01,false
451,e70a8f1df9ca7f57549f5c907fbb12d99c51a3b6bbefc0f7ee83e47ff97a6c54,MVCC_READ_CONFLICT,false,false,true,54.33,E4-rr100-r01,false
452,0a2f948c33c325f23635ece0f828b487b5f0843e96a6f0ca9d3cfcddc55aab02,MVCC_READ_CONFLICT,false,false,true,59.34,E4-rr100-r01,false
453,c5dfeaaf459b803ff0f1d8455d0baa3be9bb76d384cebe21ff0cbe5e5e28d531,MVCC_READ_CONFLICT,false,false,true,59.34,E4-rr100-r01,false
454,a0eee36bc3d049a296812f50d2d84e0fbac663c2a01c53177495b4376488da84,MVCC_READ_CONFLICT,false,false,true,54.33,E4-rr100-r01,false
455,d326c437326ed591f714ae0b7f90d873c768007f79783b6bcdbe957925f42d0f,MVCC_READ_CONFLICT,false,false,true,54.33,E4-rr100-r01,false
456,6ac5258842312c7e65cab315eb3660a0e20ef09b8e4424020772bad347427bae,MVCC_READ_CONFLICT,false,false,true,59.34,E4-rr100-r01,false
457,eee798b53827d5b24fdb3a4e783b7a64058263d820ff8d7f6f542784dac88e7d,MVCC_READ_CONFLICT,false,false,true,59.34,E4-rr100-r01,false
458,af06c627702d8d38b3c0a8ce304143b5db800ae863b2f690678febb45f613228,MVCC_READ_CONFLICT,false,false,true,61.88,E4-rr100-r01,false
459,1224e57016c455e3c658284d9b7d745377fd98b32322f06f68f9f30d4f5081e5,MVCC_READ_CONFLICT,false,false,true,61.88,E4-rr100-r01,false
460,b47140505584630a502410458dc14f24d936ab56e61a816197a57ce30944d513,MVCC_READ_CONFLICT,false,false,true,61.88,E4-rr100-r01,false
461,eed1af081c47940213cc23cc041de15ae48525a4d787220e3e407c16a84317c5,MVCC_READ_CONFLICT,false,false,true,61.88,E4-rr100-r01,false
462,7371b22edb4cef98ba2e7619e86f0f2e62d535c8c603b1908032b9ad1c2841f9,MVCC_READ_CONFLICT,false,false,true,61.88,E4-rr100-r01,false
463,f89ead0a506414b63c5caa33479ef08d64d0dec5ff0019e8bb822ce67ef3aabc,MVCC_READ_CONFLICT,false,false,true,61.88,E4-rr100-r01,false
464,2f33b3bf239bba5e4465b41caf04406c92e54178f38eb0df949e1a4d66a9f950,MVCC_READ_CONFLICT,false,false,true,61.36,E4-rr100-r01,false
465,5c49186a65820c623f59cca64f76718061ddf966dccb7b2e430698a52a7363f5,MVCC_READ_CONFLICT,false,false,true,61.36,E4-rr100-r01,false
466,9dba828f8689a26e566c5ce6ba8a6937e76b794b27045e1f6c8509a110785549,MVCC_READ_CONFLICT,false,false,true,61.36,E4-rr100-r01,false
467,4ab21f893674c7cb133b5bc2b5f736272999da423b5af6ddd8d5326ee57afd42,MVCC_READ_CONFLICT,false,false,true,61.36,E4-rr100-r01,false
468,5578cc5fcdf6a0bf404916c3fc1056bbfe5567d0329e19048b9617dd2f0c991e,MVCC_READ_CONFLICT,false,false,true,59.91,E4-rr100-r01,false
469,5033af40d54e836abcdd131a3517ec9ccae31db10ac8d111d2cbcf3d539197fb,MVCC_READ_CONFLICT,false,false,true,59.91,E4-rr100-r01,false
470,29093f0c865e64ef774a32a0b8bc46ca3dca664b5a7e460b7a8704a4851d9cb1,MVCC_READ_CONFLICT,false,false,true,59.91,E4-rr100-r01,false
471,98f63b5420e29cbb308d6992995557f476f11ed2ab31bff04aca443027d37c79,MVCC_READ_CONFLICT,false,false,true,59.91,E4-rr100-r01,false
472,8347f4e039b54af8b1c21eee036addc319c613d252378ddb2d4271dabf2d43df,MVCC_READ_CONFLICT,false,false,true,59.91,E4-rr100-r01,false
473,85e13ec9083aebddf405f7895f705b526c0fcdd853382a1e62bea2eccc2f7080,MVCC_READ_CONFLICT,false,false,true,59.91,E4-rr100-r01,false
474,cf239ca91e0a4ac640b1b4d142008937bf804690a58d7fd9d44d2d3ba4261532,VALID,true,false,true,59.91,E4-rr100-r01,false
475,c04af26ee2d999017807ffae7ce46c12ffb6180272f3e7d7255b710ee5c79ba2,MVCC_READ_CONFLICT,false,false,true,59.91,E4-rr100-r01,false
476,271fb8762d672031a5ee370a65de26aa8507ee62a3e3f7266496a4f39ac7a3a7,MVCC_READ_CONFLICT,false,false,true,59.40,E4-rr100-r01,false
477,13988c42d3fb41f1762537eba98d424afb07c722252400f1e2e1b2fc385c1bb5,MVCC_READ_CONFLICT,false,false,true,59.40,E4-rr100-r01,false
478,8f15af2235797a9689e72c00a700fc91a1ef93b8df6b524a0dec4c966c70c6c4,MVCC_READ_CONFLICT,false,false,true,47.73,E4-rr100-r01,false
479,789d47c7da7e972162993d7ffa7bcb1ce8eb24fd2b79fb5a78dd6e99c26217ce,MVCC_READ_CONFLICT,false,false,true,48.81,E4-rr100-r01,false
480,1c073883840ace232d288c58c58a5fee42b8af42a901f151bdb6cdce689cc832,MVCC_READ_CONFLICT,false,false,true,48.81,E4-rr100-r01,false
481,578ae4422705ed74c7d37374f2bef76571362359596114785baf32a99fe31bef,MVCC_READ_CONFLICT,false,false,true,48.81,E4-rr100-r01,false
482,882ddceb035f2f591ea01b787ad8f4014af6b35407f09fc0f67250cc920908bd,MVCC_READ_CONFLICT,false,false,true,48.81,E4-rr100-r01,false
483,0226ce65307fd0936e376d9dcde0dedb3f0a5cc002fff0d9294f4c3c7708b02c,MVCC_READ_CONFLICT,false,false,true,47.73,E4-rr100-r01,false
484,600ae8952a92292dba8b3e66e1ac6a7dfa4326f7e0fcc652c133d7c32d579706,MVCC_READ_CONFLICT,false,false,true,48.81,E4-rr100-r01,false
485,66653ed75be6d8213e9b31c775a89a55434303bdc1f1b044335a4133605b4a6f,MVCC_READ_CONFLICT,false,false,true,47.73,E4-rr100-r01,false
486,94c20d694d6276d550de777da9486e68c67784e107fe1e46f742018484e8b03f,MVCC_READ_CONFLICT,false,false,true,47.73,E4-rr100-r01,false
487,8dec7b633e61fa7f4b213a327a0f8f7b8639dfce71f656809c7464e088d242ac,MVCC_READ_CONFLICT,false,false,true,48.30,E4-rr100-r01,false
488,,,false,true,true,31.30,E4-rr100-r01,false
489,,,false,true,true,31.30,E4-rr100-r01,false
490,,,false,true,true,31.30,E4-rr100-r01,false
491,,,false,true,true,31.30,E4-rr100-r01,false
492,,,false,true,true,31.30,E4-rr100-r01,false
493,,,false,true,true,31.30,E4-rr100-r01,false
494,,,false,true,true,31.30,E4-rr100-r01,false
495,,,false,true,true,31.30,E4-rr100-r01,false
496,,,false,true,true,31.30,E4-rr100-r01,false
497,,,false,true,true,31.30,E4-rr100-r01,false
498,,,false,true,true,26.29,E4-rr100-r01,false
499,,,false,true,true,26.29,E4-rr100-r01,false
